13537,70963,"The Southern Mansion","Southern Comfort in Cape May","AAA Four Diamond B&B","Cape May","NJ","United States","http://lscdn.net/imgs/3370dadc-d0ce-4733-962a-a864b655d5ee",807314,"2013-10-11 04:59:00","2013-08-28 05:00:00","voucher"
13593,71757,"Hotel Charlotte","The Old West Lives On Near Yosemite","Historic Yosemite Area Hotel","Groveland","CA","United States","http://lscdn.net/imgs/8f5733f8-cd5a-42a4-bbb6-758e5dadf90f",734064,"2013-10-16 03:59:00","2013-09-10 21:10:00","voucher"
13603,64641,"Golden Eagle Lodge","Mountain Views in Waterville Valley","White Mountain Lodge","Waterville Valley","NH","United States","http://lscdn.net/imgs/5042997e-d380-417f-ad1d-5086fd6fc784",835684,"2013-10-13 04:59:00","2013-09-13 05:00:00","voucher"
13609,62701,"Kalahari Resort","Making Waves in Wisconsin's Waterpark Capital","Wisconsin Waterpark Resort","Wisconsin Dells","WI","United States","http://lscdn.net/imgs/ea84f16f-b131-4f75-addd-5cf167c54e94",801770,"2013-10-09 05:59:00","2013-09-06 06:00:00","voucher"
13613,65519,"Wyndham Tulsa","A New Kind of Energy in Tulsa","Tulsa Hotel + Waterpark Passes","Tulsa","OK","United States","http://lscdn.net/imgs/d4af40d3-506d-413e-b5d3-7aa29ef015e6",830532,"2013-10-09 05:59:59","2013-09-11 06:00:00","voucher"
13615,72787,"Wood River Inn","The Colors of Fall in Idaho's Sun Valley","Sun Valley Area Inn","Hailey","ID","United States","http://lscdn.net/imgs/5121288e-9882-4b1a-8b56-79cf870059e3",808810,"2013-10-09 06:59:00","2013-09-09 07:00:00","voucher"
13617,55309,"The Lodge of Four Seasons","Suite Hospitality at Lake of the Ozarks","Resort on Lake of the Ozarks","Lake Ozark","MO","United States","http://lscdn.net/imgs/da71d2b1-dd95-413d-8889-f9331cec5806",832078,"2013-10-09 05:59:00","2013-09-11 06:00:00","voucher"
13635,57667,"Casa Munras Hotel and Spa","Spanish-Inspired Luxury in Old Town Monterey","Monterey Hotel + Spa","Monterey","CA","United States","http://lscdn.net/imgs/82ea3aa9-f8b4-4716-ab89-1767802cd0ce",831806,"2013-10-09 07:59:00","2013-09-11 08:00:00","voucher"
13635,57667,"Casa Munras Hotel and Spa","Spanish-Inspired Luxury in Old Town Monterey","Monterey Hotel + Spa","Monterey","CA","United States","http://lscdn.net/imgs/db7fa1f3-6060-4300-95b6-a1d1bb7b2fcd",831806,"2013-10-09 07:59:00","2013-09-11 08:00:00","voucher"
13657,72877,"Carmel Valley Lodge","Country Calm Near Carmel-by-the-Sea","Carmel Valley Inn","Carmel Valley","CA","United States","http://lscdn.net/imgs/06ef8cca-3887-4a43-8207-0247c7e37bf1",816702,"2013-10-16 07:59:00","2013-09-04 08:00:00","voucher"
13725,72889,"Bohemian Tours","Awash in the Color of India's Legendary Holi Festival ","Festival Tour of India",NULL,NULL,NULL,"http://lscdn.net/imgs/c747e20f-71eb-4bbf-9a2d-97ca156cb0d1",790068,"2013-10-13 07:59:00","2013-09-29 08:00:00","voucher"
13733,72643,"The Upper Pass Lodge","Fall in Love with Autumn in the Green Mountains","Green Mountain Lodge + Picnic","Londonderry","VT","United States","http://lscdn.net/imgs/4c55e4af-b587-4f94-bc2a-ef8f7cb77561",831094,"2013-10-25 04:59:00","2013-09-11 05:00:00","voucher"
13735,61787,"Hotel Indigo East End","Drinking in a New York Classic: Long Island","Long Island Hotel + Winery Passes","Riverhead","NY","United States","http://lscdn.net/imgs/5e0b7cdd-a78b-4fe5-98c2-0527b7922a64",835248,"2013-10-09 04:59:00","2013-09-11 05:00:00","voucher"
13739,72911,"Lost River Bed and Breakfast","Country Charm in the Lost River Valley","Lost River Farmhouse B&B","Lost River","WV","United States","http://lscdn.net/imgs/b1de39c2-4310-47d6-9222-0fab27dae88b",829596,"2013-10-09 04:59:00","2013-09-07 05:00:00","voucher"
13747,72803,"Battaglin USA","Cycling Tour, Spa & More on the Adriatic Coast","Italian Cycling Trip","Rimini",NULL,"IT","http://lscdn.net/imgs/320c65eb-e58a-41b2-9601-7534ea3ac4dd",802598,"2013-10-11 04:59:00","2013-08-28 05:00:00","voucher"
13761,71623,"Grand Bahia Principe La Romana","Paradise Found in the Dominican Republic","All-Inclusive Dominican Resort","La Romana",NULL,"Dominican Republic","http://lscdn.net/imgs/c602d625-c539-4214-984a-ac68743d59f8",838964,"2013-10-13 04:59:00","2013-09-22 05:00:00","voucher"
13765,72889,"Bohemian Tours","Trek Through Nepal & the Himalayas on a Jungle Safari","Trekking and Yoga in the Himalayas",NULL,NULL,NULL,"http://lscdn.net/imgs/2357f313-ede5-4d27-a257-2280f8f7b148",790064,"2013-10-06 07:59:00","2013-09-22 08:00:00","voucher"
13767,66503,"Bayside Resort","An Award-Winning Classic in Cape Cod","Cape Cod Hotel + Champagne","West Yarmouth","MA","United States","http://lscdn.net/imgs/d168c2d4-bb74-4a18-b3e3-a5df4a295b34",823432,"2013-10-20 04:59:00","2013-09-18 05:00:00","voucher"
13779,72915,"Blackthorne Inn and Restaurant","Lily of Eire in Virginia Hunt Country","Virginia Hunt Country Inn","Upperville","VA","United States","http://lscdn.net/imgs/5be70629-22ee-40e6-9af4-c0a4083e7c44",829562,"2013-10-09 04:59:00","2013-09-06 05:00:00","voucher"
13805,64449,"Ptarmigan Inn","A Gondola and the Mountains Outside Your Door","Steamboat Springs Inn","Steamboat Springs","CO","United States","http://a5.lscdn.net/imgs/9296365c-9c0f-4556-b891-0f98ff4e38f7",823904,"2013-10-09 02:59:00","2013-09-25 03:00:00","dated_flash"
13813,59137,"Sheraton At The Falls","Niagara Falls into Autumn","Niagara Falls Hotel","Niagara Falls","NY","United States","http://lscdn.net/imgs/a9ec8af0-67c4-486d-ba15-7a1a17b9cb77",836888,"2013-10-09 04:59:00","2013-09-18 05:00:00","voucher"
13813,59137,"Sheraton At The Falls","Niagara Falls into Autumn","Niagara Falls Hotel","Niagara Falls","NY","United States","http://lscdn.net/imgs/f9bf48d7-9af0-4236-9a19-0b6d193bdaef",836888,"2013-10-09 04:59:00","2013-09-18 05:00:00","voucher"
13815,66483,"The Historic Thayer Hotel","The Thayer: Prestige and History in West Point","Historic West Point Hotel","West Point","NY","United States","http://lscdn.net/imgs/99ff9e07-ebe2-49b0-9e34-88ced735c603",846370,"2013-10-09 00:59:00","2013-09-24 01:00:00","voucher"
13823,71303,"Carroll Villa Bed & Breakfast Hotel","Going Gourmet in Victorian Cape May","Historic Cape May B&B","Cape May","NJ","United States","http://lscdn.net/imgs/32ba3bb5-9355-4631-bc9d-6943e762cfe1",846632,"2013-10-09 04:59:00","2013-09-25 05:00:00","voucher"
13825,63965,"Skytop Lodge","A Dutch-Colonial Gem in the Poconos","Pocono Mountain Lodge","Skytop","PA","United States","http://lscdn.net/imgs/3baa6b98-5166-4bf8-b422-ed8b4b4c93ae",808574,"2013-11-08 04:59:00","2013-09-19 05:00:00","voucher"
13831,37669,"Villa del Palmar Cancun","Making Sunny Memories in Playa Mujeres All Year Long","All-Inclusive in Cancun","Cancun","QR","Mexico","http://lscdn.net/imgs/cb6110d7-c55c-4917-9db8-74db4f7f7e16",829096,"2013-10-16 00:59:00","2013-09-11 15:10:00","voucher"
13845,62587,"Kings Inn","A Flashback to Simpler Times in San Diego","Family-Friendly San Diego Inn","San Diego","CA","United States","http://a5.lscdn.net/imgs/c236b8bd-469c-4b76-bb0b-1133c7a745c2",843494,"2013-10-09 03:59:00","2013-09-25 04:00:00","dated_flash"
13847,63499,"Days Hotel Scottsdale","Stay and Play in Scottsdale","Scottsdale Hotel + Comedy/Jazz","Scottsdale","AZ","United States","http://lscdn.net/imgs/ad09c79a-b538-49be-b24f-ec49c6ae2660",839392,"2013-10-09 07:59:00","2013-09-24 08:00:00","voucher"
13849,72281,"Serenity Farmhouse Inn","Breakfast in Bed & a Heart-Shaped Tub","Texas Hill Country Inn","Wimberly","TX","United States","http://lscdn.net/imgs/43c450bd-f55d-4cd7-acd1-1c8f1d1a0e7d",839894,"2013-10-09 05:59:00","2013-09-25 06:00:00","voucher"
13849,72281,"Serenity Farmhouse Inn","Breakfast in Bed & a Heart-Shaped Tub","Texas Hill Country Inn","Wimberly","TX","United States","http://lscdn.net/imgs/00305a83-ed13-46d8-a693-77c877669884",839894,"2013-10-09 05:59:00","2013-09-25 06:00:00","voucher"
13851,71167,"Best Western Executive Inn and Suites","The Quiet Call of Colorado Springs","Colorado Springs Hotel","Colorado Springs","CO","United States","http://lscdn.net/imgs/e6d3868d-048d-4749-94d2-1b9ec0f42754",789040,"2013-10-09 06:59:59","2013-09-23 07:00:00","voucher"
13857,47843,"Ramada Mall of America","Family Fun at America's Largest Mall","Hotel at America's #1 Mall","Bloomington","MN","United States","http://lscdn.net/imgs/6561aaf5-bbac-4a59-8921-362d5c551cb8",846218,"2013-10-09 05:59:00","2013-09-20 06:00:00","voucher"
13859,72279,"Serendipity Bed and Breakfast","Ocean City and the Art of Beaching","Jersey Shore B&B","Ocean City","NJ","United States","http://lscdn.net/imgs/61f8aff5-210b-4cd7-8b58-edc911b7c4fe",825250,"2013-10-06 04:59:00","2013-09-21 05:00:00","voucher"
13867,72299,"Skyline Inn","Niagara Falls for Families","Niagara Falls Hotel + Waterpark","Niagara Falls","ON","Canada","http://lscdn.net/imgs/68717e31-042e-4d6e-aa6c-e2eeab87888c",841034,"2013-10-16 04:59:59","2013-09-18 05:00:00","voucher"
13867,72299,"Skyline Inn","Niagara Falls for Families","Niagara Falls Hotel + Waterpark","Niagara Falls","ON","Canada","http://lscdn.net/imgs/428ee16e-c895-477e-8423-35e9e3e77bdc",841034,"2013-10-16 04:59:59","2013-09-18 05:00:00","voucher"
13873,66111,"Phoenix Park Hotel","European Aesthetics in the Nation's Capital","Capitol Hill Historic Hotel","Washington","DC","United States","http://lscdn.net/imgs/dedcaaf8-a864-4951-abb6-acb0d357e636",839382,"2013-10-13 04:59:00","2013-09-29 05:00:00","voucher"
13875,72949,"Hotel Villas Caletas","A Costa Rican Paradise on the Pacific Ocean","Award-Winning Jacó Resort","Herradura de Jaco",NULL,"CR","http://lscdn.net/imgs/8871ede9-1618-47fa-bcfe-44566f00c8b3",818622,"2013-10-08 16:00:00","2013-09-18 02:50:37","voucher"
13895,72913,"Chimney Hill Farm Inn","Warm and Welcoming Alpaca Farm","Delaware River Valley B&B","Lambertville","NJ","United States","http://lscdn.net/imgs/f6641b45-117d-4e7b-91cc-8169430adde5",831282,"2013-10-25 04:59:00","2013-09-05 05:00:00","voucher"
13905,70929,"go-today","Happy New Year from Dublin!","New Year's in Dublin + Flights","Dublin",NULL,"IE","http://lscdn.net/imgs/b3d2e489-aaa9-41d9-824e-fb80fb3b72eb",846552,"2013-10-08 23:59:00","2013-09-25 00:00:00","voucher"
13911,57817,"Inn at Morro Bay","Coast Along the Gibraltar of the Pacific","Inn at Morro Bay","Morro Bay","CA","United States","http://a5.lscdn.net/imgs/0880aa8a-1a37-4e6b-bef0-d967c41fd038",848154,"2013-10-09 07:59:00","2013-09-20 08:00:00","dated_flash"
13913,72963,"Wyndham Grand Rio Mar Beach Resort & Spa ","Sandcastles with the Family in Puerto Rico","Caribbean Beachfront Resort","Rio Grande",NULL,"PR","http://lscdn.net/imgs/8e25e485-7616-4bcb-bbe6-7f88c89988de",839052,"2013-10-16 04:59:00","2013-09-18 05:00:00","voucher"
13915,72965,"Jackalope's Mountain Lodge","Elevated Serenity in the Blue Ridge Mountains","Carolina Mountain Inn + Dining Credit","Banner Elk","NC","United States","http://lscdn.net/imgs/1a7347ae-aa47-4985-b3a0-34a9644fedfe",836980,"2013-10-09 04:59:59","2013-09-18 05:00:00","voucher"
13923,72969,"Cheesecake Farms","A Taste of the Sweet Life in Hunt Country","Virginia Hunt Country B&B","Sumerduck","VA","United States","http://lscdn.net/imgs/638dee89-c339-424b-8615-e6c050505c45",831616,"2013-10-16 04:59:00","2013-09-16 10:00:00","voucher"
13925,72971,"The Pillow and Paddock Bed and Breakfast","The Greener Pastures of Kentucky Horse Country","Kentucky Horse Country B&B","LaGrange","KY","United States","http://lscdn.net/imgs/dde86f16-ce51-42c7-9476-0cb97a9ee13b",819860,"2013-10-16 04:59:00","2013-09-18 05:00:00","voucher"
13927,72973,"Las Vegas Suites at the Signature near MGM Grand ","A Very Las Vegas Vacation","Las Vegas Suites + Nightclub Access","Las Vegas","NV","United States","http://lscdn.net/imgs/30f9ead5-e4a7-49a3-b948-cd195dd4ba3f",782978,"2013-11-01 04:59:00","2013-09-18 05:00:00","voucher"
13935,72981,"Comfort Suites Alamo/River Walk","Take a Stroll Along the River Walk in San Antonio","San Antonio Hotel","San Antonio","TX","United States","http://lscdn.net/imgs/9ff5cfe4-2923-41c0-b70f-dcb40cd70ca9",819084,"2013-10-16 05:59:00","2013-09-13 06:00:00","voucher"
13937,72983,"Leisure Resort ","A Rustic Texan Retreat on The San Marcos River","Hill Country Cabins","Fentress","TX","United States","http://lscdn.net/imgs/c85ef6c8-fcef-4d30-baa4-ec0991d16140",822702,"2013-10-16 05:59:00","2013-09-18 06:00:00","voucher"
13937,72983,"Leisure Resort ","A Rustic Texan Retreat on The San Marcos River","Hill Country Cabins","Fentress","TX","United States","http://lscdn.net/imgs/c5f74b37-0ca4-4dc3-871e-2be8e90ea7aa",822702,"2013-10-16 05:59:00","2013-09-18 06:00:00","voucher"
13945,72989,"Vermont Mountain Inn","Capturing the Color of the Green Mountains","Vermont Mountain Inn","East Dover","VT","United States","http://lscdn.net/imgs/300fc308-7451-426e-a8e6-e099c73081b5",838936,"2013-11-01 04:59:59","2013-09-18 05:00:00","voucher"
13947,72899,"Jaguar Reef Lodge and Spa","Coral Reefs and Rain Forests In Belize","Belizean Coast Resort","Hopkins",NULL,"BZ","http://lscdn.net/imgs/95a4fd6f-5c30-42fb-9ef8-ab7598a78cbe",816706,"2013-10-25 04:59:00","2013-09-04 15:01:00","voucher"
13949,72991,"Inn at Discovery Coast","Romance on Long Beach, Steps from the Ocean","Long Beach Inn","Long Beach","WA","United States","http://a5.lscdn.net/imgs/0ab51c9b-9ed6-4860-8559-0174d442f009",836028,"2013-10-09 07:59:00","2013-09-25 08:00:00","dated_flash"
13951,51007,"Sanderling Resort","Refined Simplicity in the Outer Banks","Outer Banks Beach Resort","Duck","NC","United States","http://a5.lscdn.net/imgs/f1401131-499f-4177-86cb-f36645b474ce",845938,"2013-10-09 04:59:00","2013-09-25 05:00:00","dated_flash"
13953,50581,"Acapulco Hotel and Resort","Overlooking the Ocean on Daytona's Quieter Side","Daytona Beachfront Hotel ","Daytona Beach Shores","FL","United States","http://lscdn.net/imgs/d771ffa5-4258-41e0-b281-e79975042af4",782756,"2013-10-09 04:59:00","2013-09-25 05:00:00","voucher"
13955,73155,"go-today","Celebrate the New Year in Rome","New Year's in Rome + Flights","Rome",NULL,"IT","http://lscdn.net/imgs/789ac38d-d103-493b-975a-440dedf3986a",846550,"2013-10-09 03:59:00","2013-09-24 04:00:00","voucher"
13957,73143,"Key Tours International","Ringing in the New Year in Barcelona","New Year's in Barcelona + Flights",NULL,NULL,NULL,"http://lscdn.net/imgs/4d0b2192-cfa5-4e75-9cc8-424e8db66142",846628,"2013-10-09 00:59:00","2013-09-25 01:00:00","voucher"
13961,47389,"The Beaufort Inn","The Quintessential Lowcountry Experience","Historic District Inn","Beaufort","SC","United States","http://lscdn.net/imgs/01dff98e-af27-4073-9880-75e29348a392",848712,"2013-10-09 04:59:00","2013-09-25 05:00:00","voucher"
13973,73007,"Seascape Beach Resort Monterey Bay","Soak Up the Sun Along Scenic Monterey Bay","Central Coast Resort","Aptos","CA","United States","http://lscdn.net/imgs/733d87a1-a63c-4638-aa9b-e7520c6907ca",846476,"2013-10-09 07:59:00","2013-09-25 08:00:00","voucher"
13977,73009,"The Country Inn Bed & Breakfast","Victorian Charm in Laid-Back Fort Bragg","Mendocino B&B + Garden Tix","Fort Bragg","CA","United States","http://lscdn.net/imgs/e1505320-4e28-419e-b700-71a9a8669f1a",779430,"2013-10-09 07:59:00","2013-09-25 08:00:00","voucher"
13985,73013,"Windtower Lodge and Suites","Canada's Best-Kept Secret Outside Banff","Canadian Rockies Lodge","Canmore","AB","Canada","http://lscdn.net/imgs/c0928edb-86a6-49ca-b211-6edd840a3f07",850492,"2013-10-09 06:59:00","2013-09-25 07:00:00","voucher"
13987,73015,"Sheraton Station Square Hotel","On the River in Revitalized Pittsburgh","Riverfront Hotel","Pittsburgh","PA","United States","http://a5.lscdn.net/imgs/fa882953-d725-4509-832c-7df01a655071",847410,"2013-10-09 00:59:00","2013-09-25 01:00:00","dated_flash"
13993,73021,"Hotel Rio Vista","Wild West Charm in Washington's Methow Valley","Washington Old West Hotel","Winthrop","WA","United States","http://lscdn.net/imgs/57753c5f-ebf2-445d-9deb-2ee43b142a23",795756,"2013-10-09 07:59:00","2013-09-20 08:00:00","voucher"
13995,73023,"Black Rock Oceanfront Resort","Luxury on the Water in Ucluelet","Vancouver Island Luxury Resort","Ucluelet","BC","Canada","http://lscdn.net/imgs/762d04b4-336c-4586-9301-2fd93b5e277a",830074,"2013-10-09 03:59:00","2013-09-25 04:00:00","voucher"
13997,73025,"The Sea Horse Oceanfront Lodging","Coastal Comforts with Ocean Views","Oregon Beachfront Hotel","Lincoln City","OR","United States","http://lscdn.net/imgs/ba101ce5-9e05-4e18-bfda-f873c8ae10bd",813564,"2013-10-09 07:59:00","2013-09-25 08:00:00","voucher"
14003,72941,"OneSeed Expeditions","Machu Picchu: A Once in a Lifetime Hike","Machu Picchu Hiking Trip","Cuzco",NULL,"PE","http://lscdn.net/imgs/f2487c6a-49fe-48f4-93d0-c4a5a8a7fe8f",841068,"2013-10-16 07:59:00","2013-09-18 08:00:00","voucher"
14007,72993,"Hawks Cay Resort","A Taste of Exclusivity in the Florida Keys","Florida Keys Resort","Duck Key","FL","United States","http://lscdn.net/imgs/0b2afef8-8adc-4c38-ac89-6bf380dc7bae",846914,"2013-10-09 04:59:00","2013-09-25 05:00:00","dated_flash"
14009,73011,"Resorts World Bimini Bahamas Resort","Cruise to the Bahamas, with the Option to Stay Awhile","Miami to Bahamas Cruise","Miami","FL","United States","http://lscdn.net/imgs/2c4fb3c9-2efc-4faf-b0e1-b90f9a884b2d",851718,"2013-10-09 04:59:00","2013-09-18 05:00:00","voucher"
14011,73043,"William's Grant Inn","An American Original in the Ocean State","Historic Bristol Inn","Bristol","RI","United States","http://lscdn.net/imgs/25022752-1397-4579-b1c1-fa24fd2ebabc",787874,"2013-10-09 04:59:00","2013-09-20 05:00:00","voucher"
14013,73045,"Palm Hotel and Villas","A Spacious Condo, Minutes from the Magic in Orlando","Orlando Area Condo-Style Hotel","Kissimmee","FL","United States","http://lscdn.net/imgs/95667f2b-c01f-441f-9323-cab45b6e78b4",847566,"2013-10-09 04:59:00","2013-09-21 05:00:00","voucher"
14015,71445,"Costa Sur Resort and Spa","¡Bienvenido! to Family Fun in Puerto Vallarta","Puerto Vallarta Beach Resort","Puerto Vallarta","JA","Mexico","http://lscdn.net/imgs/95b9ac5d-b68b-42a1-8ef4-2460c0c1a6d8",845746,"2013-10-09 04:59:00","2013-09-25 05:00:00","voucher"
14017,73049,"Miracle Manor Retreat","Restorative Retreat in Desert Hot Springs","Hot Springs Retreat","Desert Hot Springs","CA","United States","http://lscdn.net/imgs/ead4a84c-16ed-4248-83eb-5f898629fa29",850522,"2013-10-09 07:59:00","2013-09-25 08:00:00","voucher"
14021,73053,"Canyon Lakeview Resort","Texas Hill Country Lakes & Vineyards","Lakefront Resort + Wine Experience","Canyon Lake","TX","United States","http://lscdn.net/imgs/1beb95ae-7b68-4a97-9393-c00d0d336665",853036,"2013-10-09 05:59:00","2013-09-24 06:00:00","voucher"
14027,73059,"Red Lion on the River - Jantzen Beach","A Stay at Portland's Hayden Island","Portland Hotel + Dining Credit","Portland","OR","United States","http://lscdn.net/imgs/69be2d76-5306-4e88-a208-1f1806afc5ea",792148,"2013-10-16 03:59:00","2013-10-02 04:00:00","dated_flash"
14029,73037,"Glenmoor by the Sea","Autumn at the Edge of Penobscot Bay","Maine Oceanfront Resort + Bubbly","Lincolnville","ME","United States","http://lscdn.net/imgs/d987426d-8c2e-4cd1-a0e8-30c68984b7f9",851976,"2013-10-09 04:59:00","2013-09-25 05:00:00","voucher"
14031,73061,"Golden Eagle Resort","Journey Through Scenic Stowe","Green Mountain Resort + Wine","Stowe","VT","United States","http://lscdn.net/imgs/0bff560f-9c2a-4298-af88-4d69ce881afb",847482,"2013-10-09 04:59:00","2013-09-19 05:00:00","voucher"
14033,73047,"Whitewater Express","Grab a Paddle and Raft the Ocoee River","Mountain Cabin + White-Water Rafting","Copper Hill","TN","United States","http://lscdn.net/imgs/52ed0917-4f02-4636-9711-6543230bca15",819140,"2013-10-09 05:59:00","2013-09-25 06:00:00","voucher"
14035,48887,"Chapel Hill University Inn","Game On in Downtown Chapel Hill","Downtown Chapel Hill Hotel","Chapel Hill","NC","United States","http://lscdn.net/imgs/35ac8e5e-9e7e-458a-9d85-58b81d1f6948",853060,"2013-10-09 04:59:59","2013-09-19 05:00:00","voucher"
14037,73065,"Travellers Beach Resort","Negril, Jamaica: Endless Possibilities on Seven Miles of Beach","Jamaica Resort","Negril",NULL,"JM","http://lscdn.net/imgs/96326b08-be8c-4a39-a3b7-e2aa18574ca8",841710,"2013-10-09 04:59:00","2013-09-20 05:00:00","voucher"
14039,73067,"China Travel CA","Celebrate the New Year in China","Happy New Year in China + Flights","Beijing",NULL,"CN","http://lscdn.net/imgs/ea90a2f5-aa75-4a06-a163-8cde0f93c3ac",843464,"2013-10-09 07:59:00","2013-09-25 08:00:00","voucher"
14041,73069,"LakeStar Lodge","Brilliant Fall Foliage at Deep Creek Lake","Deep Creek Lake Lodge","McHenry","MD","United States","http://lscdn.net/imgs/18e63b93-cea7-4686-9c6a-767cd2ca1bf3",823238,"2013-10-09 04:59:00","2013-09-20 05:00:00","voucher"
14043,73073,"North Cascades Institute","Find Balance in the North Cascades","North Cascades Yoga Retreat","Diablo","WA","United States","http://lscdn.net/imgs/4de295b9-f908-461f-9e76-ab0594d01256",818342,"2013-10-13 07:59:00","2013-09-26 08:00:00","voucher"
14045,73077,"Costa Rica Monkey Tours","See the Best of Costa Rica In One Action-Packed Week","Costa Rican Adventure Tour","Liberia",NULL,"CR","http://lscdn.net/imgs/cebc74bd-9cd6-411c-9f6a-29ec080fa1d5",843210,"2013-10-09 04:59:00","2013-09-24 05:00:00","voucher"
14047,72757,"Whistler Cascade Lodge Hotel","Steps from the Slopes in a Whistler Studio","Whistler Studio","Whistler","BC","Canada","http://lscdn.net/imgs/0f0b06e9-66fc-497e-afdc-274a54d8a65b",841792,"2013-10-16 07:59:00","2013-09-28 08:00:00","voucher"
14049,49197,"Campbell's Resort","Lake Chelan's Original Waterfront Resort","Lake Chelan Resort","Chelan","WA","United States","http://lscdn.net/imgs/7d4465d6-1f8a-4357-97af-e9729d3a87d9",798314,"2013-10-16 07:59:00","2013-10-02 08:00:00","voucher"
14049,49197,"Campbell's Resort","Lake Chelan's Original Waterfront Resort","Lake Chelan Resort","Chelan","WA","United States","http://lscdn.net/imgs/1dde0f10-33d6-4de6-9d56-687f927be420",798314,"2013-10-16 07:59:00","2013-10-02 08:00:00","voucher"
14053,73075,"Hotel 1110","Hike the Heights of Luxury in Monterey","Monterey Boutique Hotel + Hiking","Monterey","CA","United States","http://lscdn.net/imgs/5cada26d-a252-4767-a2ec-c330391c6ec5",853256,"2013-10-16 07:59:00","2013-10-02 08:00:00","voucher"
14053,73075,"Hotel 1110","Hike the Heights of Luxury in Monterey","Monterey Boutique Hotel + Hiking","Monterey","CA","United States","http://lscdn.net/imgs/b96e5c21-e496-4e8f-a2bb-4b8fbf0666f8",853256,"2013-10-16 07:59:00","2013-10-02 08:00:00","voucher"
14055,62361,"El Tropicano Riverwalk Hotel","Style & History at the Original River Walk Hotel","San Antonio River Walk Hotel","San Antonio","TX","United States","http://lscdn.net/imgs/ccdaaac7-6ab7-4d52-88f1-39acdf01003d",853994,"2013-10-13 05:59:00","2013-09-24 06:00:00","dated_flash"
14057,73085,"Best Western Plus Otay Valley","Minutes from San Diego in Beautiful Chula Vista","Greater San Diego Hotel","Chula Vista","CA","United States","http://a5.lscdn.net/imgs/3fc0a2b1-50e4-4f7e-8633-45db251c5145",853294,"2013-10-16 07:59:00","2013-10-02 08:00:00","dated_flash"
14059,73083,"Sip & Stay","Tuscan Luxury in the Heart of Temecula","Temecula Ranch","Temecula","CA","United States","http://lscdn.net/imgs/13ce19b9-d146-4f94-82f2-69854acac762",830536,"2013-10-16 07:59:00","2013-10-02 08:00:00","voucher"
14061,72273,"Secrets Inn","Sensual Secrets in Sky-High Tahoe","Lake Tahoe Inn","South Lake Tahoe","CA","United States","http://lscdn.net/imgs/67106e42-9df7-46c9-9293-89d4c88c4a03",835234,"2013-10-16 07:59:00","2013-10-02 08:00:00","voucher"
14063,58069,"Napa River Inn","A Wine and Spa Escape to Napa Valley","Napa Hotel + Wine Tastings","Napa","CA","United States","http://lscdn.net/imgs/9a81ee3d-41a6-408e-8933-78083c632f0e",851388,"2013-10-16 07:59:00","2013-09-30 08:00:00","voucher"
14063,58069,"Napa River Inn","A Wine and Spa Escape to Napa Valley","Napa Hotel + Wine Tastings","Napa","CA","United States","http://lscdn.net/imgs/837e6342-eafc-42b6-a020-f55d0fad982d",851388,"2013-10-16 07:59:00","2013-09-30 08:00:00","voucher"
14063,58069,"Napa River Inn","A Wine and Spa Escape to Napa Valley","Napa Hotel + Wine Tastings","Napa","CA","United States","http://lscdn.net/imgs/dbb964cb-57bc-4e46-b29a-bf48549c2ccf",851388,"2013-10-16 07:59:00","2013-09-30 08:00:00","voucher"
14069,73071,"Clementine's Bed & Breakfast","Hip and Historic Along the Columbia River","Columbia River B&B","Astoria","OR","United States","http://lscdn.net/imgs/c10d39a2-9d15-482f-aef7-d62d928aa1ae",797082,"2013-10-16 07:59:00","2013-10-02 08:00:00","voucher"
14071,73097,"Sea Watch Resort","Sea Watch: The Best of Myrtle Beach","Oceanfront Resort in Myrtle Beach","Myrtle Beach","SC","United States","http://lscdn.net/imgs/00ab2dba-22ae-43a4-b2d2-e8c2e20a3648",844602,"2013-10-09 04:59:00","2013-09-25 05:00:00","voucher"
14073,73087,"Geronimo Creek Retreat","Tranquility in a Tipi or Classic Cabin","New Braunfels Area Cabin or Tipi","Seguin","TX","United States","http://lscdn.net/imgs/84a92203-164b-456d-aa52-ae8816453da4",855026,"2013-10-16 05:59:00","2013-09-30 06:00:00","voucher"
14075,72197,"Red Agave Resort","Magic Amid the Red Rock Canyons of Sedona","Sedona Chalet","Sedona","AZ","United States","http://a5.lscdn.net/imgs/1f0d2c3e-3d65-4263-b9a8-a69d7d99dd47",854870,"2013-10-16 03:59:00","2013-09-25 04:00:00","dated_flash"
14077,73039,"The Pointe Hotel at Castle Hill Resort and Spa","Make a Break for Vermont's Green Mountains","Green Mountains Ski Hotel","Proctorsville","VT","United States","http://lscdn.net/imgs/20c0d8b6-8834-4ac7-a401-127347370e6f",851214,"2013-10-13 04:59:00","2013-09-25 05:00:00","voucher"
14079,63187,"La Posada De Santa Fe Resort & Spa","Take a Deep Breath in Santa Fe","AAA Four Diamond Resort","Santa Fe","NM","United States","http://lscdn.net/imgs/1f26004c-e1d7-441d-846e-462ca2e7121a",680706,"2013-10-16 06:59:00","2013-10-02 07:00:00","voucher"
14081,73099,"Hunt Valley Inn","Country Retreat in Baltimore County","Baltimore County Inn","Hunt Valley","MD","United States","http://lscdn.net/imgs/c9099415-0f15-471a-a0c2-49d44c9a88ed",845596,"2013-10-09 00:59:00","2013-09-23 01:00:00","voucher"
14083,73101,"New and Gauley River Adventures","Riding the White Water Down the Lower New River","West Virginia Rafting Trip","Lansing","WV","United States","http://lscdn.net/imgs/479de934-ceff-482d-87f0-ab4f825bcfd9",847520,"2013-10-09 04:59:00","2013-09-21 05:00:00","voucher"
14085,73093,"The Hotel Telluride","A Pleasing Prospect Amid the San Juan Mountains","Telluride Ski Hotel","Telluride","CO","United States","http://a5.lscdn.net/imgs/e76d1caa-bc21-429b-a296-491ca2103366",835186,"2013-10-16 06:59:00","2013-10-02 07:00:00","dated_flash"
14087,73105,"Coconut Bay Beach Resort & Spa","Spa Treatments by the Sea in St. Lucia","All-Inclusive Caribbean Resort","Vieux Fort",NULL,"LC","http://lscdn.net/imgs/f774ebb4-a2fc-4ab2-b0fc-f18a450e01bc",848044,"2013-10-09 04:59:00","2013-09-25 05:00:00","voucher"
14089,65801,"The Founders Inn and Spa","A History of Elegance in Virginia","South Hampton Roads Resort","Virginia Beach","VA","United States","http://lscdn.net/imgs/5b11d022-6845-4efe-9ca4-8d57c731c562",852806,"2013-10-09 04:59:00","2013-09-25 05:00:00","voucher"
14091,73107,"Encounters Travel","Celebrate the New Year in Morocco","New Year's in Morocco + Flights","Marrakech",NULL,"MA","http://lscdn.net/imgs/1a1977f4-ca12-4868-b94a-a4273d4c2921",846554,"2013-10-09 04:59:00","2013-09-24 05:00:00","voucher"
14095,38461,"BlueBay Grand Esmeralda","A Paradisiacal Playground on Playa Del Carmen ","All-Inclusive Riviera Maya Resort","Playa del Carmen","QR","Mexico","http://lscdn.net/imgs/b5117389-49b2-406d-8bba-bb90067f4c45",844260,"2013-10-09 04:59:59","2013-09-25 05:00:00","voucher"
14097,73133,"Sheridan's House","The Sophisticated Side of Milwaukee","Historic Lake Michigan B&B","Cudahy","WI","United States","http://lscdn.net/imgs/c1937908-a6d2-4445-a468-cc1bd3797bcb",848032,"2013-10-09 01:59:00","2013-09-25 02:00:00","voucher"
14099,73033,"Savannah Beach Hotel","Barbados: Where Aquamarine Tides Lap at Your Doorstep","All-Inclusive Barbados Resort","Christ Church",NULL,"Barbados","http://lscdn.net/imgs/e357d55f-0aa8-4b7d-86c5-bedb3010687d",844690,"2013-10-13 04:59:00","2013-09-29 05:00:00","voucher"
14101,54835,"Ramada Plaza Nags Head Beach","Make Family Memories in the Outer Banks","Outer Banks Beachfront Hotel","Kill Devil Hills","NC","United States","http://www.cfmedia.vfmleonardo.com/imageRepo/3/0/42/957/786/beachdunes_F.jpg",852864,"2013-10-16 00:59:00","2013-10-02 01:00:00","dated_flash"
14103,73137,"The Dolphin Inn Resort","A Quaint Retreat Steps from White-Sand Beaches","Fort Myers Beach Inn","Fort Myers Beach","FL","United States","http://lscdn.net/imgs/08f86f22-ca10-4feb-b09b-b312ec608315",854614,"2013-10-16 04:59:00","2013-10-02 05:00:00","voucher"
14105,73125,"Chateau Inn and Suites","History on the Jersey Shore in Spring Lake","Jersey Shore Hotel + Breakfast","Spring Lake","NJ","United States","http://lscdn.net/imgs/27035c3e-d0f4-452f-a1d9-0457d71bfb44",854580,"2013-10-16 04:59:00","2013-09-28 05:00:00","voucher"
14107,73109,"Chestnut Inn Bed & Breakfast","Timeless Hospitality in the Appalachian Mountains","Tennessee B&B + Bottle of Wine","Conasauga","TN","United States","http://lscdn.net/imgs/83d72669-e61d-4b13-82d1-37b6ae027627",849158,"2013-10-16 05:59:00","2013-10-02 06:00:00","voucher"
14109,73129,"The Riverview Hotel","The Quiet Side of Florida's Surf Coast","Florida Riverfront Hotel","New Smyrna Beach","FL","United States","http://lscdn.net/imgs/22358433-1b06-4e8d-9cc9-66db32f5e1dd",853718,"2013-10-16 00:59:00","2013-10-02 01:00:00","voucher"
14111,15709,"Be Live Grand Punta Cana","Relax on a Beachfront Paradise in Punta Cana","All-Inclusive Dominican Resort","Punta Cana",NULL,"DO","http://lscdn.net/imgs/1144f942-17d4-4473-8249-918df41618c7",844874,"2013-10-16 04:59:00","2013-10-02 05:00:00","voucher"
14113,73111,"Christopher Place Resort","Luxury and Romance in the Smoky Mountains","4-Star Smoky Mountain Resort","Newport","TN","United States","http://lscdn.net/imgs/83ba2748-deca-4d41-be63-a76b2b0e4d80",844646,"2013-10-16 04:59:00","2013-09-30 05:00:00","voucher"
14115,73159,"Whitewater Express, Inc","Reel in a Fly-Fishing Adventure on the Nantahala River ","Mountain Cabin + Fly-Fishing","Andrews","NC","United States","http://lscdn.net/imgs/8a4d656e-787b-46e2-99bc-6e709b16c649",833358,"2013-10-16 00:59:00","2013-10-01 01:00:00","voucher"
14119,73135,"Castle Pines Golf Villas","Striking it Rich Along the Treasure Coast","Florida Golf Resort","Port St Lucie","FL","United States","http://lscdn.net/imgs/1ca233cd-0420-4670-bb41-b2bc30a366fc",856400,"2013-10-16 04:59:00","2013-09-27 05:00:00","voucher"
14121,73139,"Ocean Pointe Suites at Key Largo","An All-Suite, Oceanfront Paradise in Key Largo","Key Largo Hotel","Tavernier","FL","United States","http://lscdn.net/imgs/e5ac81fb-e195-491c-834b-c78663990df7",847994,"2013-10-16 04:59:00","2013-10-01 05:00:00","voucher"
14123,71799,"Hôtel des Coutellier","Boutique Chic in the Heart of Old Quebec","Old Quebec Boutique Hotel","Québec","QC","Canada","http://lscdn.net/imgs/17d55f21-b414-4a70-8bde-e29e347eb89b",849382,"2013-10-16 04:59:00","2013-10-02 05:00:00","voucher"
14123,71799,"Hôtel des Coutellier","Boutique Chic in the Heart of Old Quebec","Old Quebec Boutique Hotel","Québec","QC","Canada","http://lscdn.net/imgs/519edc57-7676-4360-9097-c4b103969bf5",849382,"2013-10-16 04:59:00","2013-10-02 05:00:00","voucher"
14123,71799,"Hôtel des Coutellier","Boutique Chic in the Heart of Old Quebec","Old Quebec Boutique Hotel","Québec","QC","Canada","http://lscdn.net/imgs/eb13c435-2770-45e3-b034-200e25e7638c",849382,"2013-10-16 04:59:00","2013-10-02 05:00:00","voucher"
14125,73161,"Africa Answers NYE Dubai","A Gourmet New Year's Eve in Dubai","New Year's in Dubai + Flights",NULL,NULL,NULL,"http://lscdn.net/imgs/94674d13-6560-4c22-a511-6b237fd94d2d",861858,"2013-10-09 07:59:00","2013-09-25 08:00:00","voucher"
14131,73119,"The Lodge on the Cove","The Natural Beauty of a Maine Vacation","Kennebunkport Lodge","Kennebunkport","ME","United States","http://lscdn.net/imgs/9b5a8126-5c93-4bd6-9211-ba58fca12d00",854646,"2013-10-16 04:59:00","2013-10-02 05:00:00","voucher"
14133,73157,"Renault Winery Resort & Golf","See the Winery that Made Egg Harbor Wine City","New Jersey Wine Country Resort","Egg Harbor City","NJ","United States","http://lscdn.net/imgs/5ea7ab16-a49d-4271-9b5d-4f888ca5ce6f",859974,"2013-10-16 04:59:59","2013-09-30 05:00:00","voucher"
14135,71515,"Dream South Beach","Pinch Yourself: You're Not Dreaming in South Beach","Luxury South Beach Hotel","Miami Beach","FL","United States","http://lscdn.net/imgs/19b8ba42-cea2-4a4d-9aa9-c4566c005bf7",819678,"2013-10-15 04:59:00","2013-09-30 05:00:00","voucher"
14137,73113,"Boomtown Casino and Hotel Bossier City","Getting Lucky in Louisiana's Bossier City","Louisiana Hotel + Casino","Bossier City","LA","United States","http://lscdn.net/imgs/79ae00fe-a8d7-4785-8153-186d77a37f0d",853584,"2013-10-16 05:59:00","2013-10-02 06:00:00","voucher"
14139,57321,"Middlebury Inn","Fall in Love with Autumn in Vermont","Historic Middlebury Inn","Middlebury","VT","United States","http://lscdn.net/imgs/5bedbbc0-46cc-4c12-b6e4-f8d2e0eb62f0",856164,"2013-10-16 04:59:00","2013-10-01 05:00:00","voucher"
14143,7021,"Hilton Hotel and Suites Niagara Falls/Fallsview","The Award-Winning Hilton at Niagara Falls","Niagara Hotel + Wine Tour","Niagara Falls","ON","Canada","http://lscdn.net/imgs/77027676-1810-48c0-9114-dc6e218ec698",856588,"2013-10-16 04:59:00","2013-10-01 10:00:00","voucher"
14145,73127,"Heritage Hotel","Historic Haunts in Pennsylvania Dutch Country","Lancaster Hotel + Dining Credit","Lancaster","PA","United States","http://lscdn.net/imgs/26e83ebf-87b6-4bc9-b3b7-c10a6aa7b848",856990,"2013-10-16 04:59:00","2013-09-30 05:00:00","voucher"
14147,71049,"Aqua Beach Inn","Stay Steps from the Boardwalk and Beach","Myrtle Beach Inn","Myrtle Beach","SC","United States","http://lscdn.net/imgs/01db33d1-e798-4239-b6f3-b503188f683e",856160,"2013-10-16 04:59:00","2013-10-02 05:00:00","voucher"
14149,73163,"Gold Mountain Manor","Historic Lodge at Big Bear Lake","Big Bear Lake B&B","Big Bear City","CA","United States","http://lscdn.net/imgs/320b3c75-017c-425b-9bd6-be921df05eb9",860728,"2013-10-16 07:59:00","2013-10-02 08:00:00","voucher"
14149,73163,"Gold Mountain Manor","Historic Lodge at Big Bear Lake","Big Bear Lake B&B","Big Bear City","CA","United States","http://lscdn.net/imgs/e0a18d37-8e21-45dc-8ea3-e52e756b4a2b",860728,"2013-10-16 07:59:00","2013-10-02 08:00:00","voucher"
14151,71739,"Horseshoe Bay Resort","Putting Greens and Blue Skies on Lake LBJ","Texas Lakefront Resort","Horseshoe Bay","TX","United States","http://lscdn.net/imgs/c100084f-a9c1-4054-b56d-030b78037035",861416,"2013-10-16 05:59:00","2013-09-26 06:00:00","voucher"
14153,73131,"The Old Stone Inn","A True Mountain Lodge in Western Carolina","Western Carolina Mountain Inn","Waynesville","NC","United States","http://lscdn.net/imgs/3ea4a468-62d0-4698-96ca-1cab199c7341",843310,"2013-10-09 04:59:00","2013-09-24 05:00:00","voucher"
14157,37765,"El Cozumeleño Beach Resort","All-Inclusive Splendor on the Beaches of Cozumel","All-Inclusive Cozumel Resort","Cozumel","QR","Mexico","http://lscdn.net/imgs/e5df13a0-cbb7-4e69-9d2d-5a13c1207946",856326,"2013-10-16 04:59:59","2013-10-02 05:00:00","voucher"
14159,73117,"Baja Retreats","Center Your Body and Mind in El Pescadero","Mexico Retreat + Yoga","El Pescadero","BS","Mexico","http://lscdn.net/imgs/a4c9bc74-8408-4ec3-8ce1-3406531c85c6",856732,"2013-10-16 04:59:00","2013-10-02 05:00:00","voucher"
14179,73063,"Manhattan Beach Lodge","The Lure of Minnesota's Lake Country","Minnesota Lake Country Lodge","Crosslake","MN","United States","http://lscdn.net/imgs/e677df5b-355b-4570-8a39-f5527b550541",837300,"2013-10-16 05:59:00","2013-10-01 06:00:00","voucher"
14195,73173,"Treks and Tracks","Backpacking Through Castle Rock State Park","Northern California Camping","Los Gatos","CA","United States","http://lscdn.net/imgs/70132846-18d0-4333-b879-655d91204b20",809042,"2013-10-23 07:59:00","2013-10-02 08:00:00","voucher"
14199,73141,"Hotel Riu Palace Jamaica","A Palace on the Beach Near Montego Bay","All Inclusive in Jamaica + Flights","Montego Bay",NULL,"JM","http://lscdn.net/imgs/6dc6bd94-8ccb-43e3-8dc3-090b5d96fedf",858864,"2013-10-16 04:59:00","2013-10-02 05:00:00","voucher"
14203,71243,"Briar Patch Bed & Breakfast Inn","Historic Farmhouse in Virginia Horse Country","Middleburg Farmhouse B&B","Middleburg","VA","United States","http://lscdn.net/imgs/e80c7044-4721-41e3-ad70-2c5e7b70713d",850918,"2013-10-16 04:59:00","2013-10-02 05:00:00","voucher"
14205,71819,"Inn & Spa at Cedar Falls","A Tranquil Retreat in Scenic Hocking Hills","Hocking Hills Inn + Spa","Logan","OH","United States","http://lscdn.net/imgs/7ca66657-e122-4105-b849-22541bbad5fe",799112,"2013-10-16 04:59:00","2013-09-28 05:00:00","voucher"
14207,72321,"South Beach Resort Hotel","Romantic Retreat on Lake Erie ","Beach Resort on Lake Erie","Marblehead","OH","United States","http://lscdn.net/imgs/99e1f5ff-9ca6-4f2a-bc89-59bfbac6a45e",851664,"2013-10-16 04:59:00","2013-10-02 05:00:00","voucher"
14219,73183,"PhotoFly Travel Club","Live Large on Hawaii's Big Island","6-Day Tour of Hawaii's Big Island","Kona","HI","United States","http://lscdn.net/imgs/c5879aab-313b-4424-94fd-f7c80cfdc5cd",830674,"2013-10-09 10:59:59","2013-09-25 11:00:00","voucher"
14221,73095,"The Cove of Lake Geneva","The Colors of Autumn in Lake Geneva","All-Suite Hotel Near Geneva Lake","Lake Geneva","WI","United States","http://lscdn.net/imgs/6cc1189d-6159-40df-aed1-c2282542cda4",853100,"2013-10-16 05:59:00","2013-10-02 06:00:00","voucher"
14223,73091,"Silver King Hotel","A Summit of Excellence in Park City","Rocky Mountain Hotel","Park City","UT","United States","http://lscdn.net/imgs/41e3857f-56a7-4d63-bb8f-d4b8d5dda384",856632,"2013-10-16 06:59:00","2013-10-02 07:00:00","voucher"
14229,73201,"China Travel CA","A Window to Ancient China","9-Day Tour of China + Flights","Beijing",NULL,"CN","http://lscdn.net/imgs/60df3472-cf04-409e-8397-20a7bd5c909c",857144,"2013-10-16 07:59:00","2013-10-02 08:00:00","voucher"
14235,73115,"Ecoterra Costa Rica","From Arenal to Tortuguero, Adventures in Costa Rica","Adventures in Costa Rica","La Fortuna",NULL,"CR","http://lscdn.net/imgs/ac1b8f99-8e0a-4710-9266-66ae7b6aca8d",849580,"2013-10-16 04:59:00","2013-09-27 05:00:00","voucher"
14237,73205,"Key Tours International","From Paris to Nice, You'll Fall In Love a Million Times Over","8 Days in France + Flights",NULL,NULL,NULL,"http://lscdn.net/imgs/7fc47ac7-fd39-46e0-814b-e3a9e611f20a",849316,"2013-10-16 04:59:00","2013-10-02 05:00:00","voucher"
14239,73207,"Epitourean","Mexico's True Spice Capital: A Taste of Mérida","7-Day Culinary Tour of Mexico",NULL,NULL,NULL,"http://lscdn.net/imgs/fa4d03da-2dcc-4544-9aef-06e30355c757",854680,"2013-10-16 06:59:00","2013-10-01 07:00:00","voucher"
14239,73207,"Epitourean","Mexico's True Spice Capital: A Taste of Mérida","7-Day Culinary Tour of Mexico",NULL,NULL,NULL,"http://lscdn.net/imgs/7d4aace2-996b-4c9f-9933-7ff09c1250ce",854680,"2013-10-16 06:59:00","2013-10-01 07:00:00","voucher"
14241,73209,"Panorama Travel","Argentina: Old World Elegance, New World Adventure","8 Days in Argentina + Flights",NULL,NULL,NULL,"http://lscdn.net/imgs/e2ea2a7e-bad1-4817-a073-94371bb5f3aa",856744,"2013-10-16 04:59:00","2013-10-01 05:00:00","voucher"
14247,73193,"Bella Bed and Breakfast","Wine Tasting, Southern Elegance in the Piedmont Region","Northeast Georgia B&B + Wine Tastings","Danielsville","GA","United States","http://lscdn.net/imgs/60a0e927-651d-4275-9ee5-0d7dae4de8ed",864350,"2013-10-23 04:59:00","2013-10-03 05:00:00","voucher"
14259,73191,"Hotel Vista de Olas","High Adventure in Low-Key Malpais","Costa Rica Villa + Adventure Tours for 2","Mal Pais",NULL,"Costa Rica","http://lscdn.net/imgs/47efb77e-9d5b-4912-a702-ec968c6353b0",839642,"2013-10-23 04:59:00","2013-10-02 05:00:00","voucher"
14265,48191,"Lodge of the Ozarks","Live Music and More in the Ozarks","Branson Lodge + Show","Branson","MO","United States","http://lscdn.net/imgs/314b1da3-6a8b-4b19-91b1-23c62885185c",862126,"2013-10-16 05:59:00","2013-10-02 06:00:00","voucher"
14283,72443,"The Chelsea","A Stylish AC Boardwalk Affair","Boutique Boardwalk Hotel","Atlantic City","NJ","United States","http://lscdn.net/imgs/8eeb3bce-07b7-402e-9811-0b93b47539b5",870350,"2013-10-23 04:59:00","2013-10-02 05:00:00","voucher"
14387,60023," Clarion Hotel","Heartland Hospitality Near Downtown Kansas City","Kansas City Hotel","Overland Park","KS","United States","http://lscdn.net/imgs/07423c73-6820-400c-868c-654f0f45d8a7",841714,"2013-10-16 05:59:00","2013-10-01 06:00:00","voucher"
